# Course correction M(f, v_a) = (rel_steering -> course, measured) / (tape lag 1/steering_gain x turn-rate law
# with the kite's dead time and lag, course_loop_model.jl), measured with injected multisines on the fig8
# pattern (V2 of Plan_model_validation.md, 2026-09-27): v_a 23.7 m/s (300 m, 5 m/s wind), 34 m/s (200 and
# 300 m, 7 m/s, pooled), 40.1 m/s (300 m, 8.5 m/s); depower 0.27, steering_gain 10, no rate limit.
# It contains the kite correction and the dynamics of the fed-back course. Its features move in frequency
# with v_a (course_correction scales each table by v_a and interpolates between airspeeds); its dip depth
# does not follow v_a smoothly, see the plan. Lines with course spread >= 35 % dropped.
v_a,f_hz,abs,phase_rad
23.7,0.23,1.1541,-0.05866
23.7,0.26,1.0286,0.0086525
23.7,0.3,1.0402,-0.10023
23.7,0.33,1.0437,-0.18107
23.7,0.37,1.0035,-0.15577
23.7,0.4,0.93772,-0.13535
23.7,0.44,0.89624,-0.16043
23.7,0.47,0.87422,-0.18282
23.7,0.51,0.82415,-0.18547
23.7,0.54,0.76509,-0.17849
23.7,0.58,0.69876,-0.19398
23.7,0.61,0.6382,-0.21999
23.7,0.65,0.57804,-0.24693
23.7,0.68,0.5383,-0.29652
23.7,0.72,0.49377,-0.30115
23.7,0.75,0.42576,-0.29852
23.7,0.79,0.36891,-0.34297
23.7,0.82,0.32893,-0.46036
23.7,0.86,0.33081,-0.51828
23.7,0.89,0.29951,-0.52701
23.7,0.93,0.25611,-0.71852
23.7,0.96,0.26263,-1.066
23.7,1.0,0.28503,-1.1252
23.7,1.03,0.2358,-1.3215
23.7,1.1,0.36182,-1.7828
23.7,1.14,0.36019,-1.8762
23.7,1.21,0.59215,-2.0903
23.7,1.32,0.86337,-2.2405
23.7,1.35,0.94628,-2.4303
23.7,1.39,1.1376,-2.3151
23.7,1.49,1.173,-2.2149
23.7,1.56,1.5202,-2.1344
23.7,1.6,1.7281,-2.2763
23.7,1.63,1.8482,-2.1665
23.7,1.67,1.9582,-2.3238
23.7,1.7,2.0739,-2.2088
23.7,1.74,2.2034,-2.3404
23.7,1.77,2.1669,-2.174
23.7,1.81,2.459,-2.2525
23.7,1.88,2.9115,-2.1691
23.7,1.91,2.7833,-2.1815
23.7,1.95,3.2206,-2.0882
23.7,1.98,3.3383,-2.2171
23.7,2.05,3.8342,-2.0994
23.7,2.09,3.6464,-2.2064
23.7,2.16,4.1611,-2.0321
23.7,2.19,3.8252,-2.1353
23.7,2.33,4.1806,-1.9463
23.7,2.4,4.524,-2.0335
23.7,2.47,4.4907,-1.9954
23.7,2.68,6.2425,-1.8977
23.7,2.75,6.1466,-1.8766
23.7,3.03,8.8742,-1.7685
23.7,3.1,9.0129,-1.7725
23.7,3.17,9.0465,-1.7267
23.7,3.6,13.758,-1.613
23.7,3.67,14.081,-1.6232
23.7,3.74,14.628,-1.6277
23.7,3.81,15.432,-1.6095
23.7,3.88,15.639,-1.552
23.7,3.95,16.187,-1.6254
34.0,0.2,1.07,-0.18218
34.0,0.27,1.157,-0.067668
34.0,0.3,1.0774,-0.20546
34.0,0.34,1.1017,0.18788
34.0,0.4,1.2492,-0.13381
34.0,0.42,1.0666,0.068767
34.0,0.49,0.81213,-0.04582
34.0,0.5,0.8622,-0.0066109
34.0,0.57,0.76913,-0.066474
34.0,0.6,0.93722,-0.31612
34.0,0.65,0.8466,-0.21554
34.0,0.7,0.82756,-0.010627
34.0,0.72,0.92271,-0.21762
34.0,0.8,0.74525,-0.25211
34.0,0.81,0.60943,-0.074231
34.0,0.86,0.60172,-0.12492
34.0,0.87,0.59004,-0.051833
34.0,0.9,0.51217,0.087286
34.0,0.91,0.58453,-0.32549
34.0,0.95,0.56151,-0.3694
34.0,0.96,0.59926,-0.32954
34.0,1.0,0.69757,-0.14744
34.0,1.01,0.50795,-0.27946
34.0,1.03,0.65763,-0.23514
34.0,1.06,0.39672,-0.21699
34.0,1.1,0.4607,0.12079
34.0,1.11,0.35888,-0.41403
34.0,1.16,0.39979,-0.3893
34.0,1.2,0.25179,-0.4725
34.0,1.25,0.35559,-0.74054
34.0,1.3,0.19262,-1.3603
34.0,1.35,0.41522,-1.4656
34.0,1.4,0.3326,-1.9228
34.0,1.45,0.45897,-1.6021
34.0,1.5,0.46846,-2.23
34.0,1.55,0.54275,-2.3299
34.0,1.56,0.63896,-2.2204
34.0,1.6,0.37956,-2.4898
34.0,1.65,0.44135,-1.9086
34.0,1.7,0.67931,-1.9623
34.0,1.71,1.0096,-2.4195
34.0,1.75,0.80332,-2.165
34.0,1.79,0.89017,-2.2491
34.0,1.84,0.98807,-2.2129
34.0,1.86,1.3212,-2.3677
34.0,1.94,1.0289,-2.3017
34.0,2.04,1.064,-2.2729
34.0,2.09,1.6077,-2.6102
34.0,2.14,1.1574,-2.2894
34.0,2.24,1.5664,-2.4192
34.0,2.34,2.0825,-2.4114
34.0,2.43,2.1603,-2.1935
34.0,2.53,2.0086,-2.2088
34.0,2.63,2.6832,-2.3111
34.0,2.73,3.065,-2.0593
34.0,2.83,3.0188,-2.2934
34.0,2.93,3.687,-2.0967
34.0,3.02,3.4718,-2.2197
34.0,3.12,4.0345,-1.981
34.0,3.22,4.3547,-2.1865
34.0,3.32,3.6246,-2.024
34.0,3.42,4.5558,-1.8729
34.0,3.52,5.0226,-2.0238
34.0,3.61,4.6949,-2.0654
34.0,3.71,4.577,-1.9177
34.0,3.81,5.2209,-1.7697
34.0,3.91,6.1294,-1.716
34.0,4.01,7.2144,-1.7193
40.1,0.21,0.87718,-0.9522
40.1,0.27,1.1141,0.13024
40.1,0.33,1.3762,0.071769
40.1,0.44,0.86421,-0.11634
40.1,0.5,0.79951,-0.19861
40.1,0.56,0.8274,-0.26479
40.1,0.62,0.87903,-0.21523
40.1,0.68,0.91546,-0.088429
40.1,0.74,0.78279,0.038342
40.1,0.8,0.59744,-0.025649
40.1,0.86,0.64105,-0.14249
40.1,0.92,0.73692,-0.038253
40.1,0.98,0.54881,0.18925
40.1,1.04,0.45859,-0.15219
40.1,1.1,0.62991,-0.11661
40.1,1.16,0.40522,0.13775
40.1,1.27,0.56577,-0.17282
40.1,1.39,0.53035,-0.76491
40.1,1.51,0.56355,-1.3415
40.1,1.63,0.63492,-1.5958
40.1,1.75,0.65762,-1.7962
40.1,1.81,0.31252,-2.4697
40.1,2.04,1.0182,-2.2447
40.1,2.1,0.9525,-2.7921
40.1,2.28,1.1923,-2.1764
40.1,2.75,1.9886,-2.1679
40.1,2.87,2.2782,-2.4124
40.1,2.99,2.0748,-2.6433
