# Command -> course, rel_steering -> course [rad per unit steering], measured by injected
# multisines in simple_fig8.jl (V2 of oldplans/Plan_model_validation.md; re-measured 2026-10-01 with
# vsm_interval 1, the VSM aero load updated every step), steering_gain 10, v_steering 1.0 1/s (no rate limit),
# 7 m/s wind, flown fc_settings. Lines halfway between the lap's harmonics (`mid_lines` of the run's own
# lap), amplitude 0.004 per line; course_sd = relative spread of course/heading over the injection periods;
# lines with course_sd < 0.35 only. Point D: two runs, 0.2 - 0.8 and 0.8 - 2.2 Hz, 6 periods each;
# points A and F150: one run each, 0.2 - 2.2 Hz, 12 periods. Use with frd_margins (examples/course_loop_model.jl).
# Point F150_f8a42_f8b17: 150 m with the pattern enlarged to f8_a 42, f8_b 17 deg (flown: 30, 12) (test only), so the
# command stays off the clamp.
point,tether_m,f_hz,re,im,amp,course_sd,v_a
D,300,0.22146,-3.85485,-6.62097,0.004,0.052,33.36
D,300,0.27067,-2.34678,-4.57218,0.004,0.005,33.36
D,300,0.31988,-1.91705,-3.44710,0.004,0.019,33.36
D,300,0.36909,-1.93223,-3.48302,0.004,0.015,33.36
D,300,0.41831,-1.28877,-2.52109,0.004,0.011,33.36
D,300,0.46752,-1.44479,-2.22604,0.004,0.011,33.36
D,300,0.51673,-1.75850,-1.33637,0.004,0.004,33.36
D,300,0.56594,-1.70436,-0.92474,0.004,0.007,33.36
D,300,0.61516,-1.42844,-0.97622,0.004,0.003,33.36
D,300,0.66437,-1.06401,-0.88796,0.004,0.002,33.36
D,300,0.71358,-1.10867,-0.68231,0.004,0.005,33.36
D,300,0.76280,-0.88340,-0.46884,0.004,0.014,33.36
D,300,0.81161,-0.90286,-0.31237,0.004,0.010,33.37
D,300,0.86080,-0.84108,-0.20031,0.004,0.004,33.37
D,300,0.90999,-0.81121,-0.03113,0.004,0.014,33.37
D,300,0.95917,-0.74140,0.04567,0.004,0.023,33.37
D,300,1.00836,-0.60362,0.07285,0.004,0.018,33.37
D,300,1.05755,-0.45421,0.09922,0.004,0.030,33.37
D,300,1.10674,-0.34096,0.12011,0.004,0.111,33.37
D,300,1.15593,-0.29966,0.15110,0.004,0.106,33.37
D,300,1.20512,-0.28840,0.13429,0.004,0.088,33.37
D,300,1.25430,-0.18351,0.11874,0.004,0.183,33.37
D,300,1.30349,-0.11487,0.19062,0.004,0.318,33.37
D,300,1.35268,-0.10062,0.14803,0.004,0.109,33.37
D,300,1.45106,0.04277,0.17225,0.004,0.106,33.37
D,300,1.54943,0.11071,0.23112,0.004,0.067,33.37
D,300,1.69700,0.33727,0.15514,0.004,0.139,33.37
D,300,1.74619,0.31821,0.01774,0.004,0.253,33.37
D,300,1.84456,0.30655,0.09902,0.004,0.056,33.37
D,300,1.94294,0.32300,-0.01446,0.004,0.030,33.37
D,300,2.13970,0.30890,0.02845,0.004,0.299,33.37
D,300,2.18888,0.33687,-0.00100,0.004,0.287,33.37
A,200,0.26944,-3.18008,-6.57296,0.004,0.043,34.88
A,200,0.34642,-1.20528,-4.94858,0.004,0.040,34.88
A,200,0.42340,-1.45524,-3.10974,0.004,0.052,34.88
A,200,0.50038,-1.65463,-1.86979,0.004,0.039,34.88
A,200,0.57737,-1.82546,-1.09054,0.004,0.056,34.88
A,200,0.65435,-1.80886,-0.72029,0.004,0.021,34.88
A,200,0.73133,-1.34983,-0.70523,0.004,0.013,34.88
A,200,0.80831,-0.87514,-0.39695,0.004,0.009,34.88
A,200,0.88530,-0.92635,-0.18720,0.004,0.043,34.88
A,200,0.96228,-0.77572,-0.32853,0.004,0.037,34.88
A,200,1.03926,-0.49612,-0.05618,0.004,0.176,34.88
A,200,1.11624,-0.57093,-0.08890,0.004,0.127,34.88
A,200,1.57814,0.20278,0.19130,0.004,0.181,34.88
A,200,1.80908,0.34196,0.12776,0.004,0.318,34.88
A,200,1.88607,0.34849,-0.02476,0.004,0.076,34.88
A,200,1.96305,0.27399,-0.05832,0.004,0.253,34.88
F150_f8a42_f8b17,150,0.24700,0.14613,-8.16560,0.004,0.036,33.72
F150_f8a42_f8b17,150,0.31757,-1.45556,-5.53036,0.004,0.039,33.72
F150_f8a42_f8b17,150,0.38814,-0.26320,-3.28826,0.004,0.030,33.72
F150_f8a42_f8b17,150,0.45872,-0.86688,-2.08473,0.004,0.013,33.72
F150_f8a42_f8b17,150,0.52929,-1.18291,-1.08886,0.004,0.114,33.72
F150_f8a42_f8b17,150,0.59986,-1.82823,-0.88017,0.004,0.101,33.72
F150_f8a42_f8b17,150,0.67043,-1.93093,-0.81917,0.004,0.064,33.72
F150_f8a42_f8b17,150,0.74100,-1.34576,-0.70939,0.004,0.023,33.72
F150_f8a42_f8b17,150,0.81157,-1.07531,-0.18556,0.004,0.008,33.72
F150_f8a42_f8b17,150,0.88215,-1.13506,-0.16705,0.004,0.054,33.72
F150_f8a42_f8b17,150,0.95272,-0.67647,-0.13455,0.004,0.050,33.72
F150_f8a42_f8b17,150,1.02329,-0.70994,0.15090,0.004,0.117,33.72
F150_f8a42_f8b17,150,1.09386,-0.51126,-0.12686,0.004,0.120,33.72
F150_f8a42_f8b17,150,1.16443,-0.38127,0.24490,0.004,0.237,33.72
F150_f8a42_f8b17,150,1.23500,-0.32454,-0.07221,0.004,0.249,33.72
F150_f8a42_f8b17,150,1.30558,-0.20792,0.28011,0.004,0.340,33.72
F150_f8a42_f8b17,150,1.51729,0.27496,0.17974,0.004,0.333,33.72
F150_f8a42_f8b17,150,1.72900,0.17712,0.38471,0.004,0.304,33.72
F150_f8a42_f8b17,150,1.79958,0.43773,0.20321,0.004,0.323,33.72
F150_f8a42_f8b17,150,1.87015,0.43829,-0.02549,0.004,0.251,33.72
