# Kite correction M_k(f) = (tape -> heading, measured) / (turn-rate law c1 v_a e^(-s tau) / ((1 + s T) s)
# with the pattern law's dead time tau and lag T, course_loop_model.jl), measured with an injected
# multisine at point D (system_fig8_300m, 7.0 m/s, v_a 33.3 m/s, depower 0.270), v_steering 1, amplitude 0.004
# per line; tau = 0.056 s, T = 0.090 s there. identify_kite_correction.jl, 2026-10-02.
# Its features move in frequency with v_a (course_correction scales the table by v_a).
v_a,f_hz,abs,phase_rad
33.3,0.5063,0.94759,-0.05820
33.3,0.5545,0.93318,-0.05639
33.3,0.6027,0.92876,-0.08907
33.3,0.6509,0.92480,-0.09739
33.3,0.6991,0.90955,-0.08947
33.3,0.7473,0.87216,-0.09456
33.3,0.7956,0.83845,-0.09975
33.3,0.8438,0.80946,-0.07324
33.3,0.8920,0.78863,-0.03491
33.3,0.9402,0.78421,-0.01180
33.3,0.9884,0.78941,0.00498
33.3,1.0366,0.78230,0.00725
33.3,1.0849,0.76560,0.01238
33.3,1.1331,0.72966,0.00665
33.3,1.1813,0.69275,-0.00377
33.3,1.2295,0.66254,-0.05441
33.3,1.2777,0.66107,-0.09994
33.3,1.3259,0.69542,-0.10593
33.3,1.3742,0.71693,-0.06339
33.3,1.4224,0.70874,-0.01163
33.3,1.4706,0.67772,-0.01234
33.3,1.5188,0.63513,-0.03353
33.3,1.5670,0.61311,-0.00794
33.3,1.6152,0.61460,0.04615
33.3,1.6635,0.59566,0.05119
33.3,1.7117,0.57342,0.01920
33.3,1.7599,0.55521,0.05653
33.3,1.8081,0.53536,0.08937
33.3,1.8563,0.54169,0.10672
33.3,1.9045,0.54121,0.14884
33.3,1.9527,0.54543,0.15295
33.3,2.0010,0.54294,0.14560
33.3,2.0492,0.51566,0.06685
33.3,2.0974,0.49896,0.02017
